insert into "User"(userId, name, email, about, profileImage)
values ('g2Nb9AA541fRNGGk8oE8yh42qJn1', 'User 1', 'a@gmail.com', 'I am User 1',
        'https://upload.wikimedia.org/wikipedia/commons/thumb/3/3f/NYCS-bull-trans-1.svg/1200px-NYCS-bull-trans-1.svg.png'),
       ('Mz3IB4kpBugVffdIdC8SvaKlc0u1', 'User 2', 'b@gmail.com', 'I am User 2',
        'https://upload.wikimedia.org/wikipedia/commons/thumb/6/61/NYCS-bull-trans-2.svg/2048px-NYCS-bull-trans-2.svg.png'),
       ('j9rSb9GUagWFv5rsgmRviZYFYlm1', 'User 3', 'c@gmail.com', 'I am User 3',
        'https://upload.wikimedia.org/wikipedia/commons/thumb/2/25/NYCS-bull-trans-3.svg/1200px-NYCS-bull-trans-3.svg.png'),
       ('XyhEd1TKpFPH1wmWLDLEKHHYzg82', 'User 4', 'd@gmail.com', 'I am User 4',
        'https://upload.wikimedia.org/wikipedia/commons/thumb/b/ba/NYCS-bull-trans-4-red.svg/2048px-NYCS-bull-trans-4-red.svg.png'),
       ('pSngvqgpg1a4iSxWVAjsiVcYrs42', 'User 5', 'e@gmail.com', 'I am User 5',
        'https://upload.wikimedia.org/wikipedia/commons/thumb/b/ba/NYCS-bull-trans-4-red.svg/2048px-NYCS-bull-trans-4-red.svg.png'),
       ('j19bCqQHnted194Y0PtDcdynKwk1', 'User 6', 'f@gmail.com', 'I am User 6',
        'https://upload.wikimedia.org/wikipedia/commons/thumb/f/f3/Eo_circle_red_number-6.svg/2048px-Eo_circle_red_number-6.svg.png'),
       ('EEnidSsVugf3a444kUc39j72H0Y2', 'User 7', 'g@gmail.com', 'I am User 7',
        'https://upload.wikimedia.org/wikipedia/commons/thumb/c/c9/Eo_circle_red_number-7.svg/2048px-Eo_circle_red_number-7.svg.png');

insert into idea(ideaId, userId, title, smalldescription, description)
values ('c5e36241-e105-4d6c-9884-da5105473c48', 'g2Nb9AA541fRNGGk8oE8yh42qJn1', 'Idea 1', 'small text',
        'Very large text. Contains a lot of information. Occupies a lot of lines ideally. A lot of text here. More text. Maybe some more. More wont hurt. This is for testing purposes.'),
       ('9d21f1c9-2836-4755-a8b8-1b7cc767609e', 'Mz3IB4kpBugVffdIdC8SvaKlc0u1', 'Idea 2', 'small text',
        'Very large text. Contains a lot of information. Occupies a lot of lines ideally. A lot of text here. More text. Maybe some more. More wont hurt. This is for testing purposes.'),
       ('454f5b61-d931-45bf-ba2c-1d8f16f621af', 'j9rSb9GUagWFv5rsgmRviZYFYlm1', 'Idea 3', 'small text',
        'Very large text. Contains a lot of information. Occupies a lot of lines ideally. A lot of text here. More text. Maybe some more. More wont hurt. This is for testing purposes.'),
       ('7a6a6898-b5c6-41d2-b1b3-4db1d68d024d', 'XyhEd1TKpFPH1wmWLDLEKHHYzg82', 'Idea 4', 'small text',
        'Very large text. Contains a lot of information. Occupies a lot of lines ideally. A lot of text here. More text. Maybe some more. More wont hurt. This is for testing purposes.'),
       ('08405fc5-5d51-4c84-aeea-f9219611da52', 'pSngvqgpg1a4iSxWVAjsiVcYrs42', 'Idea 5', 'small text',
        'Very large text. Contains a lot of information. Occupies a lot of lines ideally. A lot of text here. More text. Maybe some more. More wont hurt. This is for testing purposes.'),
       ('5635a227-08a7-41ea-be7f-5164d0ab780f', 'j19bCqQHnted194Y0PtDcdynKwk1', 'Idea 6', 'small text',
        'Very large text. Contains a lot of information. Occupies a lot of lines ideally. A lot of text here. More text. Maybe some more. More wont hurt. This is for testing purposes.'),
       ('53156ed5-e93c-4cc5-8782-b8a7907a55e2', 'g2Nb9AA541fRNGGk8oE8yh42qJn1', 'Idea 7', 'small text',
        'Very large text. Contains a lot of information. Occupies a lot of lines ideally. A lot of text here. More text. Maybe some more. More wont hurt. This is for testing purposes.'),
       ('3c1efaf8-725b-42bc-a750-c780c085fd00', 'g2Nb9AA541fRNGGk8oE8yh42qJn1', 'Idea 8', 'small text',
        'Very large text. Contains a lot of information. Occupies a lot of lines ideally. A lot of text here. More text. Maybe some more. More wont hurt. This is for testing purposes.'),
       ('2a235d53-9166-4d35-a686-1b112ad05a3d', 'Mz3IB4kpBugVffdIdC8SvaKlc0u1', 'Idea 9', 'small text',
        'Very large text. Contains a lot of information. Occupies a lot of lines ideally. A lot of text here. More text. Maybe some more. More wont hurt. This is for testing purposes.'),
       ('d840d0e1-b4dd-4efa-a9bb-b4143c07a9d2', 'j9rSb9GUagWFv5rsgmRviZYFYlm1', 'Idea 10', 'small text',
        'Very large text. Contains a lot of information. Occupies a lot of lines ideally. A lot of text here. More text. Maybe some more. More wont hurt. This is for testing purposes.'),
       ('5f491ece-2aff-400d-b3c4-4013a32aedb5', 'XyhEd1TKpFPH1wmWLDLEKHHYzg82', 'Idea 11', 'small text',
        'Very large text. Contains a lot of information. Occupies a lot of lines ideally. A lot of text here. More text. Maybe some more. More wont hurt. This is for testing purposes.'),
       ('469d0d5a-0a18-4763-bc90-3aa735881b21', 'XyhEd1TKpFPH1wmWLDLEKHHYzg82', 'Idea 12', 'small text',
        'Very large text. Contains a lot of information. Occupies a lot of lines ideally. A lot of text here. More text. Maybe some more. More wont hurt. This is for testing purposes.');

insert into skill(skillid, name, categoryid)
values ('91990805-003b-4103-8936-1ba7f4ab19d4', 'Kotlin', 'bd1fde89-4ccd-4c51-a4a4-e39dc40009dd'),
       ('e2fe0c34-e2bc-48aa-b332-5ee3b489bbba', 'Java', 'bd1fde89-4ccd-4c51-a4a4-e39dc40009dd'),
       ('7f860930-84ee-468b-8ba4-e88fb032e4da', 'JavaScript', 'bd1fde89-4ccd-4c51-a4a4-e39dc40009dd'),
       ('337eebf5-b099-4fb9-9efd-5d3d8d97868f', 'Flutter', 'bd1fde89-4ccd-4c51-a4a4-e39dc40009dd'),
       ('4ab2ecd3-22ba-44e4-bc8a-f18763fc5834', 'React Native', 'bd1fde89-4ccd-4c51-a4a4-e39dc40009dd'),
       ('15d355a4-8f48-4fc1-a90f-a82656179368', 'Sql', 'bd1fde89-4ccd-4c51-a4a4-e39dc40009dd'),
       ('030a8097-878c-47b6-95b1-60429a61c7bd', 'C#', 'bd1fde89-4ccd-4c51-a4a4-e39dc40009dd'),
       ('d9c8819b-9290-4f50-b9bc-5d45b1d656d7', 'CSS', 'bd1fde89-4ccd-4c51-a4a4-e39dc40009dd'),
       ('b18d596a-fa4e-4e4e-9251-68deba4160bf', 'HTML', 'bd1fde89-4ccd-4c51-a4a4-e39dc40009dd'),
       ('e6503132-8ca0-4d38-b9b4-7d30c1123d56', 'Android', 'bd1fde89-4ccd-4c51-a4a4-e39dc40009dd'),
       ('4d447a36-7408-4cb3-984f-4e2ae19e9e9a', 'iOS', 'bd1fde89-4ccd-4c51-a4a4-e39dc40009dd'),
       ('c63c758d-14be-473a-8ead-8d5e86dc3319', 'Linux', 'bd1fde89-4ccd-4c51-a4a4-e39dc40009dd'),
       ('d24e69f0-de73-49fa-834b-e84a9dd6969f', 'C++', 'bd1fde89-4ccd-4c51-a4a4-e39dc40009dd');


insert into userskill(userid, skillid, about)
values ('g2Nb9AA541fRNGGk8oE8yh42qJn1', '91990805-003b-4103-8936-1ba7f4ab19d4', 'One of my main programming languages.'),
       ('g2Nb9AA541fRNGGk8oE8yh42qJn1', 'e6503132-8ca0-4d38-b9b4-7d30c1123d56', 'Been developing Android for 2 years. Mainly in Kotlin'),
       ('g2Nb9AA541fRNGGk8oE8yh42qJn1', '7f860930-84ee-468b-8ba4-e88fb032e4da', 'Used JavaScript a lot for web development.');

insert into ideaskill(ideaid, skillid, about)
values ('c5e36241-e105-4d6c-9884-da5105473c48', 'c63c758d-14be-473a-8ead-8d5e86dc3319', 'Need someone with a lot experience handling Linux.'),
       ('c5e36241-e105-4d6c-9884-da5105473c48', 'd24e69f0-de73-49fa-834b-e84a9dd6969f', 'Needs to know C++.'),
       ('9d21f1c9-2836-4755-a8b8-1b7cc767609e', '7f860930-84ee-468b-8ba4-e88fb032e4da', 'Needs to be efficient with JavaScript'),
       ('7a6a6898-b5c6-41d2-b1b3-4db1d68d024d', '91990805-003b-4103-8936-1ba7f4ab19d4', 'With experience in Android'),
       ('7a6a6898-b5c6-41d2-b1b3-4db1d68d024d', 'e6503132-8ca0-4d38-b9b4-7d30c1123d56', 'Must know most recent and updated libraries and use Kotlin.'),
       ('5635a227-08a7-41ea-be7f-5164d0ab780f', '7f860930-84ee-468b-8ba4-e88fb032e4da', 'Needs to be efficient with JavaScript'),
       ('5f491ece-2aff-400d-b3c4-4013a32aedb5', '7f860930-84ee-468b-8ba4-e88fb032e4da', 'Needs to be efficient with JavaScript'),
       ('469d0d5a-0a18-4763-bc90-3aa735881b21', '7f860930-84ee-468b-8ba4-e88fb032e4da', 'Needs to be efficient with JavaScript');
